[
  {
    "buyer": "62882007324217@s.whatsapp.net",
    "status": "Transaksi Sukses",
    "ref_id": "3vJGuMc2pB34RubkmxVku4",
    "jam": "16:37:02",
    "date": "2024-04-19 16:37:02",
    "produk": "DANA 1.000",
    "harga_modal": 1040,
    "harga": "1070",
    "tujuan": "0882007324217",
    "invoice": "TOPUP SUKSES DNID A****g S**i/Rp.1000/2024041910121420010100166618290433380"
  },
  {
    "buyer": "62882007324217@s.whatsapp.net",
    "status": "Transaksi Sukses",
    "ref_id": "r3PHBWuWxo2FiWRKRWQodW",
    "jam": "17:33:53",
    "date": "2024-04-19 17:33:53",
    "produk": "DANA 1.000",
    "harga_modal": 1040,
    "harga": "1059",
    "tujuan": "0882007324217",
    "invoice": "TOPUP SUKSES DNID A****g S**i/Rp.1000/2024041910121420010100166655690683107"
  },
  {
    "buyer": "62882007324217@s.whatsapp.net",
    "status": "Transaksi Sukses",
    "ref_id": "1XQDZR8PN8BkURrTg2aA5y",
    "jam": "07:06:57",
    "date": "2024-04-20 07:06:57",
    "produk": "Smartfren 4 GB / 14 Hari",
    "harga_modal": 16500,
    "harga": "17325",
    "tujuan": "088228826183",
    "invoice": "201299237911"
  },
  {
    "buyer": "62882007324217@s.whatsapp.net",
    "status": "Transaksi Sukses",
    "ref_id": "1cbWQQcFgBpXQ6ccgXwfDF",
    "jam": "11:37:51",
    "date": "2024-04-20 11:37:51",
    "produk": "Smartfren Youtube 10 GB / 7 Hari",
    "harga_modal": 9955,
    "harga": "10452",
    "tujuan": "088216192259",
    "invoice": "711916798"
  },
  {
    "buyer": "62882007324217@s.whatsapp.net",
    "status": "Transaksi Sukses",
    "ref_id": "tuUbGQ36vzQWrA8vZBPyHk",
    "jam": "16:17:29",
    "date": "2024-04-20 16:17:29",
    "produk": "Free Fire 100 Diamond",
    "harga_modal": 13157,
    "harga": "13814",
    "tujuan": "2978970634",
    "invoice": "User=2978970634, Reff:14471262351653285882"
  },
  {
    "buyer": "62882007324217@s.whatsapp.net",
    "status": "Transaksi Sukses",
    "ref_id": "n9sNEQPV9YbdNRCeJjjvVV",
    "jam": "20:51:25",
    "date": "2024-04-20 20:51:25",
    "produk": "Indosat 20.000",
    "harga_modal": 19145,
    "harga": "19336",
    "tujuan": "085712804568",
    "invoice": "03396400025999902640"
  },
  {
    "buyer": "6285391229323@s.whatsapp.net",
    "status": "Transaksi Sukses",
    "ref_id": "4SjYXSvUPjEow5AXYCfpK1",
    "jam": "22:28:17",
    "date": "2024-04-20 22:28:17",
    "produk": "MOBILELEGEND - 10 Diamond",
    "harga_modal": 2705,
    "harga": "2840",
    "tujuan": "405520401028",
    "invoice": "IGN: Lixzyy. Ref: MLAX18EFC1F480F260B6C1689FD98"
  },
  {
    "buyer": "62882007324217@s.whatsapp.net",
    "status": "Transaksi Sukses",
    "ref_id": "aa4zsjbMgxWpsvthKqSjrR",
    "jam": "22:59:37",
    "date": "2024-04-20 22:59:37",
    "produk": "DANA 2.000",
    "harga_modal": 2095,
    "harga": "2115",
    "tujuan": "0882007324217",
    "invoice": "DNID ANTXXX SARX/2000/2024042010121481030100166649890680645"
  },
  {
    "buyer": "62882007324217@s.whatsapp.net",
    "status": "Transaksi Sukses",
    "ref_id": "qqSSZczrK9sjwXP54Xxx9a",
    "jam": "09:57:27",
    "date": "2024-04-21 09:57:27",
    "produk": "Free Fire 100 Diamond",
    "harga_modal": 13157,
    "harga": "13288",
    "tujuan": "1123532034",
    "invoice": "User=1123532034, Reff:5199371891283430578"
  },
  {
    "buyer": "62882007324217@s.whatsapp.net",
    "status": "Transaksi Sukses",
    "ref_id": "3jHpR7wjGmaokXu2tZUPCE",
    "jam": "09:59:43",
    "date": "2024-04-21 09:59:43",
    "produk": "Indosat Yellow 3 GB 3 Hari",
    "harga_modal": 8995,
    "harga": "9444",
    "tujuan": "085778855113",
    "invoice": "TID-03398200026025281072"
  },
  {
    "buyer": "62882007324217@s.whatsapp.net",
    "status": "Transaksi Sukses",
    "ref_id": "h1rntaDqLB4TyRGM1V9e3t",
    "jam": "10:02:55",
    "date": "2024-04-21 10:02:55",
    "produk": "DANA 1.000",
    "harga_modal": 1040,
    "harga": "1092",
    "tujuan": "0882007324217",
    "invoice": "TOPUP SUKSES DNID A****g S**i/Rp.1000/2024042110121420010100166723689978647"
  },
  {
    "buyer": "62882007324217@s.whatsapp.net",
    "status": "Transaksi Sukses",
    "ref_id": "hpkXsyTr2diFts14iDxwhn",
    "jam": "12:08:31",
    "date": "2024-04-21 12:08:31",
    "produk": "Indosat 5.000",
    "harga_modal": 5635,
    "harga": "5804",
    "tujuan": "085642231436",
    "invoice": "03351236415244078191"
  },
  {
    "buyer": "62882007324217@s.whatsapp.net",
    "status": "Transaksi Sukses",
    "ref_id": "wcRn6saPmVQcDnMdHWx8Zx",
    "jam": "18:05:29",
    "date": "2024-04-21 18:05:29",
    "produk": "DANA 45.000",
    "harga_modal": 45125,
    "harga": "46478",
    "tujuan": "08895251352",
    "invoice": "2024042110121481030100166243793119350/DNID TANXX DYAX LESXXXX"
  },
  {
    "buyer": "62882007324217@s.whatsapp.net",
    "status": "Transaksi Sukses",
    "ref_id": "whBjQCH36srSMmodXTDDNA",
    "jam": "17:51:51",
    "date": "2024-04-22 17:51:51",
    "produk": "Indosat 10.000",
    "harga_modal": 9950,
    "harga": "10248",
    "tujuan": "085799504914",
    "invoice": "03349800125151383201"
  },
  {
    "buyer": "62882007324217@s.whatsapp.net",
    "status": "Transaksi Sukses",
    "ref_id": "sAQyJnpHhfVmwb1VxH81sG",
    "jam": "13:11:50",
    "date": "2024-04-24 08:11:50",
    "produk": "DANA 1.000",
    "harga_modal": 1040,
    "harga": "1071",
    "tujuan": "0882007324217",
    "invoice": "TOPUP SUKSES DNID A****g S**i/Rp.1000/2024042410121420010100166110192134570"
  }
]