[
   {
      "id": "120363323250166497@g.us",
      "key": "VC",
      "response": "if (/image/.test(mime)) {\n // If the media is an image, upload it to Telegra.ph\n let media = await AnanthaGanz.downloadAndSaveMediaMessage(quoted);\n mediaUrl = await TelegraPh(media);\n fs.unlinkSync(media); // Delete the saved media file after use\n addResponList(from, args1, args2, true, mediaUrl, db_respon_list);\n reply(`Sukses set list message dengan key : *${args1}*`);",
      "isImage": false,
      "image_url": "-"
   },
   {
      "id": "120363323250166497@g.us",
      "key": "AS",
      "response": "if (/image/.test(mime)) {\n // If the media is an image, upload it to Telegra.ph\n let media = await AnanthaGanz.downloadAndSaveMediaMessage(quoted);\n mediaUrl = await TelegraPh(media);\n fs.unlinkSync(media); // Delete the saved media file after use\n addResponList(from, args1, args2, true, mediaUrl, db_respon_list);\n reply(`Sukses set list message dengan key : *${args1}*`);",
      "isImage": false,
      "image_url": "-"
   },
   {
      "id": "120363323250166497@g.us",
      "key": "DEPO",
      "response": "INI DIQ\n } catch (err) {\n reply('Terjadi kesalahan saat memproses media.');\n }",
      "isImage": true,
      "image_url": "https://telegra.ph/file/21b08ec807aa51d0a25e2.jpg"
   },
   {
      "id": "120363323250166497@g.us",
      "key": "sf",
      "response": "INI DIQ\n } catch (err) {\n reply('Terjadi kesalahan saat memproses media.');\n }",
      "isImage": false,
      "image_url": "-"
   },
   {
      "id": "120363323250166497@g.us",
      "key": "FOTO",
      "response": "\n// Now, using the normalized `chath` in your matching logic\nif (!!isAlreadyResponList(m.chat, chath, db_respon_list)) {\n var get_data_respon = getDataResponList(m.chat, chath, db_respon_list);\n \n if (get_data_respon.isImage === false) {\n AnanthaGanz.sendMessage(m.chat, { text: sendResponList(m.chat, chath, db_respon_list) }, { quoted: m });\n } else {\n let buff = await getBuffer(get_data_respon.image_url);\n AnanthaGanz.sendImage(m.chat, buff, `${get_data_respon.response}`, m);\n }\n}",
      "isImage": true,
      "image_url": "https://telegra.ph/file/aaeb60b0b66be619ccd5c.jpg"
   },
   {
      "id": "120363323250166497@g.us",
      "key": "MLTURKI1",
      "response": " *BOT ID*\n🇹🇷 WDP TURKI 🇹🇷\n\nWDP: 14.800\nCUPOON PASS: Rp43.000\n\n24: Rp3.700\n44: Rp6.300\n88: Rp12.500\n133: Rp18.900\n221: Rp31.000\n309: Rp43.500\n354: Rp50.600\n494: Rp69.500\n715: Rp103.000\n1041: Rp150.500\n1535: Rp215.500\n2645: Rp365.000\n3686: Rp499.000\n5290: Rp699.000\n6146: Rp780.000\n12.292: Rp1.550.000\n⚠️ Minimal akun level 8\n⚠️ Legal Visa & Invoice pembelian\n⚠️ Server wajib 44xx\n\n⚡ OPEN JAM: 12:00 - 22:00\n⚡ LANGSUNG PROSES: 5 menit max 24 jam jika event atau eror\n⚡ HARGA MURAH\n\n_Admin_",
      "isImage": false,
      "image_url": "-"
   },
   {
      "id": "120363323250166497@g.us",
      "key": "DB",
      "response": "HAIKO HHHH",
      "isImage": false,
      "image_url": "-"
   },
   {
      "id": "120363323250166497@g.us",
      "key": "BARU",
      "response": "HEI",
      "isImage": false,
      "image_url": "-"
   },
   {
      "id": "120363323250166497@g.us",
      "key": "BARU1",
      "response": "HEI",
      "isImage": false,
      "image_url": "-"
   },
   {
      "id": "120363323250166497@g.us",
      "key": "HAI",
      "response": " INI CONTOH LIST NYA",
      "isImage": false,
      "image_url": "-"
   }
]