[
  {
    "buyer": "6287859861347@s.whatsapp.net",
    "status": "PAID",
    "jam": "00:38:50",
    "waktu": "23/03/24",
    "no_pembayaran": "ZN230324CLAO17826",
    "method": "QRIS",
    "jumlah": "1000",
    "fee": "7",
    "total": "1007"
  },
  {
    "buyer": "6282226849867@s.whatsapp.net",
    "status": "PAID",
    "jam": "19:51:02",
    "waktu": "09/04/24",
    "no_pembayaran": "ZPAYY86C20",
    "method": "QRIS",
    "jumlah": "50000",
    "fee": "350",
    "total": "50350"
  },
  {
    "buyer": "62881037432856@s.whatsapp.net",
    "status": "PAID",
    "jam": "12:11:56",
    "waktu": "10/04/24",
    "no_pembayaran": "ZN100424UH00826",
    "method": "MANUAL",
    "jumlah": "55207",
    "fee": "0",
    "total": "55207"
  },
  {
    "buyer": "6282226849867@s.whatsapp.net",
    "status": "PAID",
    "jam": "14:03:42",
    "waktu": "10/04/24",
    "no_pembayaran": "ZN090424CF29926",
    "method": "MANUAL",
    "jumlah": "10554",
    "fee": "0",
    "total": "10554"
  },
  {
    "buyer": "6282226849867@s.whatsapp.net",
    "status": "PAID",
    "jam": "14:22:31",
    "waktu": "10/04/24",
    "no_pembayaran": "ZPAY2ISWCE",
    "method": "QRIS",
    "jumlah": "200000",
    "fee": "1400",
    "total": "201400"
  },
  {
    "buyer": "6281288806501@s.whatsapp.net",
    "status": "PAID",
    "jam": "12:15:12",
    "waktu": "12/04/24",
    "no_pembayaran": "ZPAYYXQM05",
    "method": "QRIS",
    "jumlah": "100",
    "fee": "2",
    "total": "102"
  },
  {
    "buyer": "6285706274332@s.whatsapp.net",
    "status": "PAID",
    "jam": "18:06:20",
    "waktu": "05/07/24",
    "no_pembayaran": "ZN050724JY72226",
    "method": "MANUAL",
    "jumlah": "55005",
    "fee": "0",
    "total": "55005"
  },
  {
    "buyer": "6285174279764@s.whatsapp.net",
    "status": "PAID",
    "jam": "06:37:36",
    "waktu": "19/08/24",
    "no_pembayaran": "ZN190824NN57726",
    "method": "MANUAL",
    "jumlah": "2000297",
    "fee": "0",
    "total": "2000297"
  },
  {
    "buyer": "6285179722574@s.whatsapp.net",
    "status": "PAID",
    "jam": "19:14:13",
    "waktu": "25/08/24",
    "no_pembayaran": "ZPAY082524DW4K26",
    "method": "QRIS Custom",
    "jumlah": "1986",
    "fee": "14",
    "total": "2000"
  },
  {
    "buyer": "6285174279764@s.whatsapp.net",
    "status": "PAID",
    "jam": "15:33:51",
    "waktu": "12/09/24",
    "no_pembayaran": "ZPAY091224C0A526",
    "method": "QRIS Custom",
    "jumlah": "1181",
    "fee": "9",
    "total": "1190"
  },
  {
    "buyer": "6285174279764@s.whatsapp.net",
    "status": "PAID",
    "jam": "21:11:52",
    "waktu": "15/09/24",
    "no_pembayaran": "ZN150924HU649726",
    "method": "MANUAL",
    "jumlah": "20942",
    "fee": "0",
    "total": "20942"
  },
  {
    "buyer": "6285174279764@s.whatsapp.net",
    "status": "PAID",
    "jam": "07:26:32",
    "waktu": "17/09/24",
    "no_pembayaran": "ZN170924XY772126",
    "method": "MANUAL",
    "jumlah": "20785",
    "fee": "0",
    "total": "20785"
  },
  {
    "buyer": "6285174279764@s.whatsapp.net",
    "status": "PAID",
    "jam": "16:58:25",
    "waktu": "17/09/24",
    "no_pembayaran": "ZN170924EF777626",
    "method": "MANUAL",
    "jumlah": "1000946",
    "fee": "0",
    "total": "1000946"
  }
]